Workbook

Sheet Cuadro
A1: Colegio Particular Vespertino Femenino Santa Gema
A2: AÑO LECTIVO 1997 - 1998
A3: Cuadro de Nota spormediales de Aprovechamiento, correspondiente al Primer Curso de Ciclo Básico
A4: Nó. | B4: APELLIDOS Y NOMBRES | C4: Idioma Nacional | D4: Matemática | E4: Estudios Sociales | F4: Ciencias Naturales | G4: Idioma Extranjero | H4: Dibujo Artístico | I4: Educación Musical | J4: Cultura Física | K4: Contabilidad | L4: Macanografía | M4: Taquigrafía | N4: Computación | O4: Manualidades | P4: Religión | Q4: Asociación de Clases | R4: Promedio | S4: Disciplina
A5: 1 | B5: Almeida Lucas Yahaira | C5: 17 | D5: 17 | E5: 16 | F5: 17 | G5: 15 | H5: 17 | I5: 17 | J5: 20 | K5: 18 | L5: 16 | M5: 17 | N5: 19 | O5: 18 | P5: 19 | Q5: A | R5: =+AVERAGE(C5:Q5) -> 17.357143 | S5: 18
A6: 2 | B6: Bermello Pinto | C6: 16 | D6: 16 | E6: 14 | F6: 17 | G6: 17 | H6: 18 | I6: 19 | J6: 20 | K6: 18 | L6: 16 | M6: 16 | N6: 18 | O6: 18 | P6: 19 | Q6: A | R6: =+AVERAGE(C6:Q6) -> 17.285714 | S6: 18
A7: 3 | B7: Burgos Jessica Asunción | C7: 15 | D7: 13 | E7: 17 | F7: 16 | G7: 15 | H7: 15 | I7: 14 | J7: 20 | K7: 16 | L7: 15 | M7: 14 | N7: 17 | O7: 17 | P7: 19 | Q7: A | R7: =+AVERAGE(C7:Q7) -> 15.928571 | S7: 18
A8: 4 | B8: Chica Chica Silvia | C8: 18 | D8: 16 | E8: 16 | F8: 18 | G8: 16 | H8: 18 | I8: 16 | J8: 20 | K8: 17 | L8: 16 | M8: 18 | N8: 17 | O8: 19 | P8: 19 | Q8: A | R8: =+AVERAGE(C8:Q8) -> 17.428571 | S8: 18
A9: 5 | B9: Fernández Fernández Cristina | C9: 16 | D9: 14 | E9: 15 | F9: 15 | G9: 15 | H9: 19 | I9: 16 | J9: 19 | K9: 17 | L9: 18 | M9: 19 | N9: 17 | O9: 16 | P9: 18 | Q9: A | R9: =+AVERAGE(C9:Q9) -> 16.714286 | S9: 18
A10: 6 | B10: Loor Párraga Denny | C10: 13 | D10: 14 | E10: 13 | F10: 15 | G10: 13 | H10: 18 | I10: 16 | J10: 19 | K10: 17 | L10: 15 | M10: 15 | N10: 18 | O10: 19 | P10: 16 | Q10: A | R10: =+AVERAGE(C10:Q10) -> 15.785714 | S10: 18
A11: 7 | B11: Mero Santos Stela | C11: 19 | D11: 18 | E11: 18 | F11: 19 | G11: 19 | H11: 18 | I11: 18 | J11: 20 | K11: 18 | L11: 19 | M11: 19 | N11: 18 | O11: 20 | P11: 19 | Q11: A | R11: =+AVERAGE(C11:Q11) -> 18.714286 | S11: 18
A12: 8 | B12: Moreira Ochoa Carmen | C12: 15 | D12: 14 | E12: 13 | F12: 16 | G12: 13 | H12: 18 | I12: 14 | J12: 20 | K12: 16 | L12: 15 | M12: 15 | N12: 18 | O12: 17 | P12: 17 | Q12: A | R12: =+AVERAGE(C12:Q12) -> 15.785714 | S12: 18
A13: 9 | B13: Muñoz Zambrano Verónica | C13: 17 | D13: 16 | E13: 14 | F13: 18 | G13: 19 | H13: 16 | I13: 16 | J13: 20 | K13: 18 | L13: 18 | M13: 17 | N13: 19 | O13: 18 | P13: 17 | Q13: A | R13: =+AVERAGE(C13:Q13) -> 17.357143 | S13: 18
A14: 10 | B14: Peralta Meza María | C14: 19 | D14: 18 | E14: 18 | F14: 19 | G14: 16 | H14: 19 | I14: 19 | J14: 19 | K14: 19 | L14: 19 | M14: 20 | N14: 19 | O14: 19 | P14: 19 | Q14: A | R14: =+AVERAGE(C14:Q14) -> 18.714286 | S14: 18
A15: 11 | B15: Ponce Ardila Andrea | C15: 20 | D15: 19 | E15: 18 | F15: 20 | G15: 20 | H15: 19 | I15: 20 | J15: 19 | K15: 19 | L15: 19 | M15: 20 | N15: 19 | O15: 20 | P15: 20 | Q15: A | R15: =+AVERAGE(C15:Q15) -> 19.428571 | S15: 18
A16: 12 | B16: Ponce Ardila Jenifer | C16: 20 | D16: 20 | E16: 19 | F16: 20 | G16: 19 | H16: 19 | I16: 20 | J16: 20 | K16: 20 | L16: 20 | M16: 20 | N16: 20 | O16: 20 | P16: 20 | Q16: A | R16: =+AVERAGE(C16:Q16) -> 19.785714 | S16: 18
... A30: 26 | B30: Zambrano Loor Juana | C30: 17 | D30: 17 | E30: 15 | F30: 17 | G30: 15 | H30: 17 | I30: 16 | J30: 20 | K30: 15 | L30: 15 | M30: 17 | N30: 16 | O30: 15 | P30: 17 | Q30: A | R30: =+AVERAGE(C30:Q30) -> 16.357143 | S30: 18

Sheet Promoción
A1: REPÚBLICA DEL ECUADOR
A2: Colegio Particular Vespertino Femenino
A3: “SANTA GEMA”
A4: PICHINCHA – MANABÍ – ECUADOR
A5: Certificado Anual de Promoción
A6: Año Lectivo: 1997 - 1998
A7: El Colegio, conforme al Art. 315 del Reglamento General de la Ley de Educación, confiere el presente CERTIFICADO DE PROMOCIÓN a la alumna:
A8: =+Cuadro!B5 -> Almeida Lucas Yahaira
A9: Del Primer Curso del Ciclo Básico, Sección Vespertina, luego de haberse presentado a exámenes y obtenido las siguientes calificaciones:
A10: Asignaturas | B10: Promedio final | C10: Observaciones
A11: Idioma Nacional | B11: =+Cuadro!C5 -> 17 | C11: Aprobado
A12: Matemática | B12: =+Cuadro!D5 -> 17
A13: Ciencias Sociales | B13: =+Cuadro!E5 -> 16
A14: Ciencias Naturales | B14: =+Cuadro!F5 -> 17
A15: Idioma Extranjero | B15: =+Cuadro!G5 -> 15
A16: Dibujo Artístico | B16: =+Cuadro!H5 -> 17
A17: Educación Musical | B17: =+Cuadro!I5 -> 17
A18: Educación Física | B18: =+Cuadro!J5 -> 20
A19: Contabilidad | B19: =+Cuadro!K5 -> 18
A20: Mecanografía | B20: =+Cuadro!L5 -> 16
A21: Taquigrafía | B21: =+Cuadro!M5 -> 17
A22: Computación | B22: =+Cuadro!N5 -> 19
A23: Manualidades | B23: =+Cuadro!O5 -> 18
A24: Religión | B24: =+Cuadro!P5 -> 19
A25: Asociación de Clases | B25: =+Cuadro!Q5 -> A
A26: Promedio Global de rendimiento | B26: =+Cuadro!R5 -> 17.357143
A27: Disciplina | B27: =+Cuadro!S5 -> 18
A29: Por lo tanto, se le promueve al Segundo Curso del Ciclo Básico
A31: Así consta en los libros de calificaciones de la Secretaría del Plantel.
A33: Pichincha, 26 de enero de 1998.
A38: RECTOR/A
